Power Generated;Date;max_temp;min_temp;grass_min_temp;rain;pressure;wind_speed_avg;highest_mean_wind;wind_dir_deg;highest_gust;soil_temp;potential_evapotranspiration;evaporation;radiation
0;01/01/2016;10.9;6.2;1.3;24.6;997.6;20.2;32;130;47;7.666;1;1.5;35
2.1;02/01/2016;10.6;6.7;6.9;12.5;993.4;16.9;26;290;35;8.059;0.5;0.6;379
0.4;03/01/2016;10.9;8.1;4.4;11.6;981;21.6;31;250;42;8.497;0.6;0.8;181
1.3;04/01/2016;10;7.9;7.5;6.8;975.2;17.9;25;260;35;8.217;0.7;0.9;161
1.9;05/01/2016;10.4;8.1;6.3;0.1;986.4;12.3;19;320;26;7.618;0.9;1;335
0;06/01/2016;11.2;7.8;5.4;12.1;984.7;15.1;29;160;41;7.774;0.8;1.1;60
1;07/01/2016;8.8;4.8;3.4;8.7;983.7;19.4;32;300;43;6.7;0.6;0.8;343
0.9;08/01/2016;8.8;4;3.6;12.5;988.6;11.6;25;250;37;6.349;0.6;0.8;95
0.3;09/01/2016;8.6;3.7;2;7.3;980.1;12.1;21;170;33;6.093;0.7;0.9;152
1;10/01/2016;8.3;3.1;2.5;7.7;977.8;11;22;210;29;5.501;0.7;0.8;190
0.3;11/01/2016;8.9;4.2;1.1;1.7;987.1;11.4;23;310;32;5.76;0.6;0.8;244
4.5;12/01/2016;8;3;2.6;0.4;1007.3;11.3;27;300;36;4.745;0.8;0.9;442
0.4;13/01/2016;8.2;2.8;0.3;4.8;1010.5;16.4;27;290;37;4.875;0.9;1.2;136
4.6;14/01/2016;7.3;3.7;2;0.5;1015.6;9.9;23;310;34;4.328;0.6;0.7;485
4.6;15/01/2016;8.6;4.2;0.6;3.3;1026.6;10.2;26;310;36;4.586;0.4;0.5;502
0.9;16/01/2016;9.7;3.6;2.1;0.5;1025.7;6.2;13;170;16;6.516;0.3;0.4;249
0.2;17/01/2016;10.1;8.5;3.2;19;1010.8;18;29;170;38;8.028;0.7;1.1;47
0.7;18/01/2016;10.1;7.7;7.9;1.1;1004.3;8.3;16;110;22;8.98;0.3;0.4;201
0.7;19/01/2016;9.2;6.3;6.2;0;1011.1;6.8;16;120;22;7.891;0.4;0.6;195
0.4;20/01/2016;10.9;8.4;5.3;10.7;1007.8;17.9;23;160;32;8.673;0.5;0.8;100
0.2;21/01/2016;11.6;10.2;8.3;5.4;1002.1;18;24;170;32;10.275;0.2;0.5;164
3.5;22/01/2016;12;9.8;8.5;2.3;1008.4;20.1;28;230;36;9.863;0.6;0.8;467
0.1;23/01/2016;11.8;9.6;7.4;6;1015.5;17.8;29;170;39;9.557;0.6;0.8;68
0;24/01/2016;12.4;11.3;8.9;0.1;1010.3;21.3;26;160;34;11.105;0.4;0.7;169
4.8;25/01/2016;12.3;8.9;9.9;0.7;1007.3;23.4;35;200;44;10.165;0.8;1.2;539
0.1;26/01/2016;12.1;10.2;7.8;13.7;1002.3;29.3;46;200;57;10.523;0.7;1.2;117
4;27/01/2016;12.2;5.1;6.7;1.5;1005;21.1;32;290;45;8.733;0.8;1.2;359
0;28/01/2016;11.3;7.6;3.4;1.9;1015.9;24.7;32;230;43;8.042;1.2;1.8;119
2.3;29/01/2016;11.4;7.6;7.3;4.2;1010.6;24;37;230;49;9.39;0.8;1.3;256
1.2;30/01/2016;8.4;4;1.8;1.6;1008.8;17.5;30;270;43;6.566;1.3;1.7;349
0.1;31/01/2016;12;7.7;3.8;2.5;1006.2;24.8;32;260;42;9.58;0.7;1.1;123
2.7;01/02/2016;11.9;7;8.8;1.5;1011.2;28;36;260;47;9.389;1;1.6;516
3.6;02/02/2016;8.7;5.1;4.3;;1017.5;21.2;30;270;44;6.659;1.3;1.8;567
3.7;03/02/2016;10.4;4.7;2.9;1.5;1025.3;15.9;29;290;40;6.22;0.7;1;476
0.3;04/02/2016;10.7;9.4;5;0.6;1022.9;15.3;24;270;31;9.573;0.6;0.8;299
0.4;05/02/2016;10.2;6.4;8;7.3;1008.1;20.6;37;200;46;8.323;0.9;1.3;182
1.8;06/02/2016;9.8;5.5;4.6;9;986.6;25.7;33;260;46;7.491;0.9;1.5;369
0.2;07/02/2016;11.4;4.6;3.5;11.4;982.6;30.5;49;250;69;6.768;1.1;1.9;203
2.6;08/02/2016;8.9;4.1;4.6;3.8;983.5;37.7;54;250;73;6.795;1.4;2.6;543
4.6;09/02/2016;7.4;4.2;1.6;1;991.4;21;32;290;44;5.169;1.4;2.1;596
4.3;10/02/2016;10;6.1;2.9;0.2;999.3;14.1;23;280;31;6.022;1.6;2;885
2.4;11/02/2016;8.8;5.3;3.4;5.8;994.3;11.1;20;250;26;6.418;1;1.3;672
5;12/02/2016;9.5;5;4.2;1.2;984.6;7.2;18;70;25;7.247;0.7;0.9;650
2;13/02/2016;8.9;5.6;3.1;11.8;981.3;10.8;23;280;33;7.076;0.8;1;347
7.3;14/02/2016;7.5;3.3;3.7;1;1002;14.5;24;40;30;6.118;0.8;1.2;830
8.6;15/02/2016;8.3;2;-4.1;0;1026.2;8.8;20;190;24;5.011;1;1.3;943
0;16/02/2016;10.3;6.3;3.6;18.4;1020.5;25.1;35;200;43;7.781;0.7;1.2;85
7.4;17/02/2016;7.4;3.2;4.4;2.4;1012.2;10.6;18;290;28;6.698;0.9;1.3;857
8;18/02/2016;8.4;1.4;-2.9;1.2;1013.7;9.2;23;280;34;5.03;0.8;1.2;857
1.4;19/02/2016;10.5;7;0.8;1.7;1010.3;19;27;200;33;8.187;0.8;1.2;433
0.1;20/02/2016;11.1;9.6;8.8;0.3;1009.6;25.4;33;250;41;9.47;0.7;1.2;195
0;21/02/2016;11.1;8.6;10.3;0.8;1008.7;23;29;240;36;10.18;0.5;0.9;229
1.8;22/02/2016;8.7;3.9;6.3;0.1;1011.5;6.2;12;10;15;8.004;0.7;1;410
8.7;23/02/2016;8.7;1.2;-2;0;1016.4;9.3;17;110;22;5.636;0.9;1.4;1065
9.6;24/02/2016;8.4;1.7;0;0;1017.7;9.7;15;40;19;5.09;1.5;2;1148
2.6;25/02/2016;8.3;0.9;-3.3;7;1011.9;8.9;22;170;32;4.768;0.8;1.2;622
2.5;26/02/2016;7.6;3.6;3.8;7.1;1001.9;14.4;28;10;37;6.285;0.8;1.3;629
4.5;27/02/2016;7.7;2.5;1.8;9.7;1008;15.2;28;10;36;5.573;1;1.5;495
7.5;28/02/2016;8.5;0.8;-2;0;1020.9;7.4;13;80;17;5.225;1.1;1.5;1093
0.3;29/02/2016;10.7;6.7;-0.4;4.3;1018.6;18.2;25;200;31;7.287;1.1;1.6;256
3;01/03/2016;10.7;4.7;7.5;4.7;1009.6;25.5;34;270;54;8.969;0.8;1.5;638
5.6;02/03/2016;9.8;4.7;2.8;4.6;1008.8;26.8;43;300;59;6.768;1.7;2.8;851
1.4;03/03/2016;9.9;4.3;4.8;2.2;1004.6;14.9;28;280;38;6.703;1;1.5;479
4.6;04/03/2016;9;2.6;-0.4;1.1;998.6;16;27;350;38;5.457;1.5;2.3;949
6.5;05/03/2016;9;4.8;2.7;0.2;1009;12;23;350;30;5.475;1.6;2.3;963
1.1;06/03/2016;8.9;3.3;-3.8;4.4;1007.8;10.1;23;320;33;5.509;0.9;1.3;594
7;07/03/2016;9.8;5.8;4.2;0.5;1013;10.9;18;320;27;6.798;1.6;2.3;1160
4.2;08/03/2016;10.5;6.1;5.6;8.4;1006.4;13.3;24;310;31;8.036;0.9;1.4;687
4.5;09/03/2016;9.3;5.1;3.7;0.4;1008.5;16;28;320;40;6.679;1.8;2.7;1188
1.2;10/03/2016;9.8;7.3;5;0.5;1020.6;4.6;10;300;13;7.894;0.8;1;356
0.5;11/03/2016;10.6;9.2;8.1;0.4;1022.8;10.5;16;200;20;9.31;0.6;1;377
2.7;12/03/2016;11.7;9.4;8.5;0;1025;11.1;17;200;19;9.765;1.1;1.6;608
5.8;13/03/2016;12.5;7.8;8.6;0;1029.1;8.3;11;90;16;10.377;1.4;2.1;1116
8.4;14/03/2016;9.2;6.3;4.8;0.2;1027.2;14.2;21;100;28;7.997;1.2;1.8;774
3.4;15/03/2016;8.7;2.9;4.8;0;1026.6;12.5;19;90;27;6.79;1.2;1.8;586
4;16/03/2016;11.2;3.7;0.2;0;1027.5;9.9;16;90;22;7.695;1.1;1.6;768
3.5;17/03/2016;9.3;3.7;4.2;0;1026.4;12.6;17;100;23;7.853;1.2;2;1058
11.1;18/03/2016;9.4;2.3;0.6;0;1025.5;8.1;13;120;17;7.186;1.4;2.1;1575
1.5;19/03/2016;8.2;3.5;-1;0.1;1025.7;10.3;16;50;20;6.46;0.9;1.2;241
7.1;20/03/2016;8.3;4.9;4.7;0;1025.7;5.7;10;50;14;7.959;1.4;1.9;1092
3.8;21/03/2016;8.1;5.7;4.2;0;1022.4;3.9;8;200;9;7.857;1;1.3;523
0.8;22/03/2016;8.4;6;3.9;0;1017;3.1;6;200;7;7.629;0.8;1;251
4.5;23/03/2016;11.6;6;2.9;0.4;1013.4;7.9;15;220;21;9.185;1.3;2;1091
2.9;24/03/2016;10.8;6.8;7.6;6.8;1008.4;13.5;25;210;34;9.195;1.2;1.8;665
4.5;25/03/2016;11.3;7.3;2.9;0.3;1004;18.4;33;190;41;8.883;1.5;2.7;1307
2.5;26/03/2016;10;5.7;7.5;13.5;989.7;20.1;32;260;44;8.466;1.2;2.1;745
6.7;27/03/2016;9.6;4.6;2.5;3.7;985.4;18.5;36;250;49;7.734;1.6;2.9;1334
7.2;28/03/2016;8.8;4.9;3.5;4.6;989;11.4;24;250;31;7.707;1.5;2.3;1097
6;29/03/2016;8.3;4.3;1.5;4.2;997.1;16.5;33;230;45;7.005;1.5;2.6;1174
8.3;30/03/2016;10.7;5.8;3.8;0.3;1006.9;8.4;15;250;19;8.406;2.1;3.1;1843
7.8;31/03/2016;10.2;3.2;-2.5;0;1014.4;10.1;26;190;33;8.347;1.8;2.9;1866
1.2;01/04/2016;10.1;7.6;7;11.3;1006.4;19;35;190;43;9.001;0.9;1.5;400
3;02/04/2016;11;6.3;4.4;0.1;1001.2;4.9;14;80;17;9.394;1.1;1.5;778
3.4;03/04/2016;12.5;7.4;7.3;0.4;995.7;5.8;13;130;16;11.472;1.8;2.6;1626
6.3;04/04/2016;12.6;6.2;3.9;0.3;1000.2;6.5;13;350;17;10.618;1.7;2.5;1457
8.5;05/04/2016;10.8;6.8;0.8;0.6;1007.1;11.1;23;230;32;10.298;1.6;2.7;1630
7;06/04/2016;9.4;5.3;5.8;2.5;1009.5;22.2;34;280;48;8.983;1.6;3.2;1650
6.2;07/04/2016;10.9;5.1;3.8;1.5;1015.2;14.7;25;290;35;8.714;2.1;3.5;1822
4;08/04/2016;10.1;3.7;5.5;4.8;1009.5;14.3;27;300;33;8.894;1.1;2;1169
6.9;09/04/2016;7.4;2.3;0.6;1.3;998.8;10.4;23;260;32;7.106;1.7;2.7;1540
1.1;10/04/2016;9.2;2.7;1.2;33.3;991.3;19.5;35;90;46;6.62;0.9;1.5;353
9.8;11/04/2016;11.1;4.8;4.1;0.1;1000.3;10.5;17;100;25;8.903;1.7;2.8;1687
9.9;12/04/2016;11.6;3.7;2.6;1.2;1002.4;10;14;100;18;10.149;1.8;3.2;2170
6.4;13/04/2016;12.3;8.7;7.4;1.2;1002.5;10.9;15;90;21;11.823;1.8;3.1;1850
6.3;14/04/2016;13.1;7.8;7.3;0;1004;12.7;20;80;28;11.328;2.1;3.5;1945
7.2;15/04/2016;11.6;5.1;4.3;0;1004.3;10.5;21;0;27;9.89;2.3;3.4;1581
7.7;16/04/2016;10.2;4;2.1;0;1009.8;11.2;18;0;24;8.113;2.5;3.7;1715
5.6;17/04/2016;9.4;3.5;-2;0;1016.7;7.5;15;240;18;8.158;1.8;2.7;1419
3;18/04/2016;11.4;8.8;6.2;0;1021.8;9.4;15;250;18;9.592;2.1;2.9;1065
9.5;19/04/2016;12.7;7.1;7.5;0;1024.6;9.9;16;90;22;11.54;2.5;4;2327
10.7;20/04/2016;12.7;6.5;5.4;0;1022.4;16.6;24;70;32;10.2;2.9;4.8;2146
2.6;21/04/2016;12.2;9.7;7.6;0;1019.3;13.9;20;80;27;9.392;2.4;3.1;639
1.9;22/04/2016;9.9;5.7;7.4;9.9;1019.1;10.1;16;40;22;9.182;0.9;1.3;403
11.1;23/04/2016;13.1;5.1;2.4;0;1022.3;8;15;30;18;10.697;2.7;4;2281
3.6;24/04/2016;10.8;6.1;2.8;0;1022.9;8.7;17;270;22;9.627;1.9;2.7;1093
9.7;25/04/2016;13.5;6.8;6.3;0;1017.2;12.1;18;10;23;11.695;3.2;5.1;2557
8.8;26/04/2016;10.8;5.1;3.5;0;1016.6;12;23;0;29;9.825;3.1;4.7;2209
8.6;27/04/2016;10.8;4.4;2.2;0;1016.6;10;21;350;29;9.381;2.7;4.1;2129
5.8;28/04/2016;11.6;6.6;5;0.1;1013.5;16.1;26;290;38;10.434;3;5;2255
9.3;29/04/2016;11.2;6;4.6;0;1015;12.2;21;300;31;10.407;3.2;5.1;2489
9.2;30/04/2016;11.8;6.5;2.9;0.2;1020.9;11;17;250;23;10.613;2.4;3.9;2096
0.8;01/05/2016;12.2;10.1;9.3;4.6;1018.1;15.8;22;230;29;11.84;1;1.9;851
9.8;02/05/2016;11.4;8.7;8.2;3.7;1017.4;18.9;26;220;38;12.118;2.3;4.6;2549
6.5;03/05/2016;12.1;8.2;6.4;0;1023.1;12.2;18;260;25;11.7;2.8;4.5;2426
1.1;04/05/2016;12.4;9.7;8;1.5;1018.5;16.1;24;200;29;10.948;1.7;2.6;848
8.7;05/05/2016;12.5;8.9;6.9;0.1;1015.2;8.7;13;240;16;12.483;2.5;3.9;2183
10.4;06/05/2016;13.8;6.2;-0.1;0;1009.8;5.9;11;250;13;13.343;3;4.4;2625
1.8;07/05/2016;11.9;9.5;7.6;1.7;1001.7;11.4;17;40;21;11.443;1.3;1.8;505
5.4;08/05/2016;14.7;10.2;9.9;4.6;997.8;13.8;24;80;34;12.163;1.4;2.3;912
4.1;09/05/2016;15;11.5;10.9;19;1001.6;13;18;80;24;12.722;1.4;2;619
5.8;10/05/2016;16.1;11;10.3;0.9;1003.6;5.4;11;110;14;14.45;1.9;2.7;1356
6;11/05/2016;14.7;10.4;9.8;1.8;1002.7;5.4;13;250;16;15.057;2;2.8;1530
6.6;12/05/2016;18.4;12.5;9;0;1003.8;7;14;50;18;15.532;2.1;2.9;1175
8.5;13/05/2016;18.6;10.8;8.3;0.4;1010.7;5.8;14;250;16;16.54;3.3;4.6;2337
8.2;14/05/2016;14.3;10;6.2;0.1;1018.4;8.5;17;100;21;15.233;2.9;4.5;2462
8.6;15/05/2016;14.6;10.7;7.5;0;1021.6;5.5;13;240;15;16.225;2.9;4.1;2300
7.1;16/05/2016;13.9;10.3;8.9;0;1019.2;5.8;13;240;16;14.658;2.2;3.1;1512
4.8;17/05/2016;13.6;9.3;11.4;7.2;1008.5;12.6;22;230;31;14.25;1.5;2.6;1330
7.3;18/05/2016;14.6;9.2;8;0.6;1004.5;14.7;22;270;29;13.9;3;5;2428
6.2;19/05/2016;14.1;10.2;10.1;2.6;1008;14.8;19;240;27;13.747;1.6;2.9;1325
1.4;20/05/2016;12.4;11;10.4;10.1;1004.3;15.5;27;190;34;12.885;1;1.7;556
8.4;21/05/2016;13.4;9.9;10.4;0.3;1000.1;11.4;19;210;27;14.137;3.1;5.2;2871
6.9;22/05/2016;14.4;8.7;7;0.2;1009.7;10.3;21;260;26;13.97;3.3;5.2;2675
6.9;23/05/2016;13;6.5;3.9;0;1019.4;4.9;11;300;14;14.373;3.3;4.7;2698
9.7;24/05/2016;14.7;5.6;3.8;0;1017.6;14;24;70;31;13.682;2.8;5.1;2766
8.2;25/05/2016;14.1;6.9;8.6;0;1015.9;13.6;21;70;26;13.87;3;5.2;2767
5.3;26/05/2016;14.4;7.3;5.1;0;1014.5;6.5;12;30;15;14.043;3;4.3;2170
6.8;27/05/2016;14.2;7.3;4.3;0;1013.9;5.8;12;130;15;14.57;2.4;3.5;1924
8;28/05/2016;15.6;9.4;7.1;0;1012.8;5.7;11;130;14;15.645;3;4.4;2447
6;29/05/2016;16.5;11.9;9.3;0;1014.2;4.9;13;240;15;16.855;3.3;4.5;2332
6.8;30/05/2016;17.8;10.8;5.9;0;1019.3;5.6;14;230;16;17.55;3.7;5.2;2779
11.9;31/05/2016;21.5;12.1;7.5;0;1023.6;7.6;15;240;18;17.923;4.7;6.5;2960
12;01/06/2016;19.6;11.9;9.9;0;1024.5;6.7;12;240;14;18.372;4.4;6.2;3042
12;02/06/2016;17.7;10.6;8.9;0.1;1021;6;14;60;21;17.985;3.7;5.3;2715
9.7;03/06/2016;16.7;9.3;5.5;0;1016.2;6.4;13;100;17;17.608;3.4;5;2644
11.8;04/06/2016;17.5;9.4;7.8;0.1;1015.9;7.6;14;100;19;17.64;3.8;5.6;3026
3.7;05/06/2016;16.6;13.4;10.7;0;1016.4;10;14;130;20;17.097;2.2;3.3;1356
4.5;06/06/2016;16.9;14.7;13.9;0;1017;9.1;13;100;17;16.735;1.8;2.5;940
3.6;07/06/2016;17.4;13.1;11.8;0.1;1021;4.7;9;170;11;17.095;2;2.7;1275
6.4;08/06/2016;18.4;11.2;6.6;0.1;1021.8;4;9;200;11;18.05;3.5;4.8;2494
4.5;09/06/2016;17.1;12.4;8.2;5.2;1016.4;7.4;12;90;15;17.097;1.6;2.3;908
2.9;10/06/2016;17.5;14;13.6;3.6;1010.3;5.7;12;250;15;17.38;2.3;3.2;1484
4.7;11/06/2016;16.2;13.5;13.3;5.4;1005.6;9.8;15;160;21;17.163;2.1;3.1;1282
4;12/06/2016;16.7;13.4;13.7;4.1;1004.7;12.1;19;260;24;16.79;2.5;3.9;1665
3.4;13/06/2016;15.5;12.7;12.5;2.9;1001.3;19.1;29;270;38;15.82;2;3.7;1580
7.6;14/06/2016;16.4;12.5;11.7;0;997.8;15.2;19;270;26;16.48;3.6;5.9;2702
6.8;15/06/2016;18.3;12.8;11.8;0;997;11.9;20;350;26;16.665;3.6;5.3;2114
7;16/06/2016;17.2;12.1;12.4;0;1004.8;13.5;23;350;30;16.585;3.5;5.2;2064
9.2;17/06/2016;17.1;10.5;5.7;0;1013.9;7.9;14;0;19;16.59;4;5.6;2529
4.5;18/06/2016;14.4;10.3;4.3;2.6;1020;6.8;14;220;17;15.703;1.9;2.8;1330
1.9;19/06/2016;15.1;13.2;13.5;16.4;1015.7;14.4;26;190;36;15.222;0.9;1.5;542
6.3;20/06/2016;16.4;12.4;12.8;0.3;1010.9;10.8;19;270;23;16.147;3;4.7;2209
5.5;21/06/2016;16.3;12.6;12;0;1012;11;18;180;22;16.358;2.5;3.9;1794
7.8;22/06/2016;15.9;12.3;11.1;0.4;1013.4;8.1;12;230;19;17.427;3.4;5.2;2716
4.7;23/06/2016;15.4;12.3;11.2;2;1014.2;10.2;18;220;21;16.612;2.1;3.2;1460
4.7;24/06/2016;17.1;12.3;11.6;0;1017;12.9;20;280;26;16.737;3.4;5.2;2223
4.8;25/06/2016;16.8;11.8;10.1;0;1020.2;10.7;16;260;20;16.275;2.8;4.1;1731
5.6;26/06/2016;16.1;12.6;12.1;0.8;1018.4;11.7;23;250;28;16.638;2.1;3.4;1550
7.5;27/06/2016;15.1;11.6;10;0;1018.5;9.5;16;240;18;16.677;2.8;4.3;2115
5.9;28/06/2016;16.2;11.6;9.4;8.4;1011.1;13.1;23;340;36;16.13;2.9;4.8;2296
7.8;29/06/2016;15.1;11.4;11.9;8.1;1003.6;14.6;25;240;30;15.67;2.2;3.8;1797
2;30/06/2016;13.9;11;7.9;0.9;1005.4;10.7;18;230;23;14.61;1.2;1.9;679
7.9;01/07/2016;14.3;10.6;10.6;2.1;1008.1;17.5;26;260;34;14.76;2.8;5;2373
8.8;02/07/2016;14.6;11.2;9.9;0.1;1012.1;11.7;20;270;26;15.335;2.7;4.4;2139
11.1;03/07/2016;16.3;9.1;2.8;0.4;1015.5;4;11;190;14;17.077;3.6;4.9;2823
4.5;04/07/2016;15.4;12.3;12.6;0.5;1014.6;13.1;24;270;34;16.67;2.2;3.5;1518
8.9;05/07/2016;15.8;10.6;7.1;0;1019.4;4.9;11;230;13;17.145;3;4.2;2215
2.8;06/07/2016;15.6;11.8;9.9;1.8;1017.8;9.4;16;190;21;16.358;1.3;2;779
7.6;07/07/2016;17.1;11.6;10.6;1.3;1013.5;5.5;14;220;16;17.138;2.4;3.3;1653
2.1;08/07/2016;14.9;12.5;11.6;4.7;1013.1;11.2;16;180;21;16.2;1.1;1.8;808
2.8;09/07/2016;16.3;13.2;13.9;29.8;1008;14.7;20;200;25;16.065;1.5;2.7;1222
1.8;10/07/2016;15.2;12.9;12.5;1.2;1000.6;18.6;26;220;35;15.49;1.4;2.5;1003
5.7;11/07/2016;16.2;12.2;12;0.1;1007.1;13.8;20;270;24;15.667;2.7;4.3;1808
3.5;12/07/2016;16.1;11.6;10.9;2.2;1015.1;10;19;260;24;16.298;3.4;5.2;2553
0;13/07/2016;16.1;11.3;10.2;0;1021.7;10.8;17;260;23;16.04;3.1;4.5;1938
0;14/07/2016;15.7;9.8;7.2;6.1;1024.5;6.8;12;190;17;16.265;2.3;3.5;1818
0;15/07/2016;16.3;13.4;13.1;3.2;1022.1;11;19;220;25;16.12;1.4;2.2;954
0;16/07/2016;15;13.1;13.2;0.3;1022.3;10.7;14;230;18;15.967;1.1;1.8;768
0;17/07/2016;15.9;13.1;13.3;0.3;1021;8.9;14;240;15;16.712;2;3.1;1624
0;18/07/2016;18.7;11.4;10.2;0.3;1017.4;5.3;11;100;14;18.542;3.6;5.1;2760
0;19/07/2016;21.1;13.3;14.7;0.7;1010.8;9;15;80;20;19.302;3.2;4.7;2195
0;20/07/2016;16.8;13.1;12.5;0.1;1009.4;10.7;16;220;22;18.683;2.8;4.4;2200
0;21/07/2016;16.8;13.2;13.9;4.4;1011.5;11;20;150;25;17.395;1.2;2;837
0;22/07/2016;16.3;12.9;12.4;0;1016.3;8;14;240;18;17.255;2.6;3.9;1862
0;23/07/2016;17.2;13.4;12.2;2.3;1017.3;9.2;15;250;19;17.443;2.5;3.8;1879
0;24/07/2016;17;13;13.2;2.3;1015.7;10.5;19;250;26;17.502;2.6;4.1;2035
0;25/07/2016;16.4;12.4;11.2;0.7;1018.3;9.3;15;240;19;17.397;2.5;3.9;1922
0.6;26/07/2016;16.5;13.6;13.2;1.7;1017;10.8;15;220;19;17.085;1.5;2.4;1035
6.8;27/07/2016;18.5;13.5;13.6;1.3;1015;9.1;15;230;19;17.923;2.8;4.2;1978
5.7;28/07/2016;17.2;13.2;13.8;1.3;1011.6;12.3;18;260;22;17.812;2.4;4;1985
5.9;29/07/2016;19.1;12.9;12.2;0;1011.5;7.2;12;250;15;17.915;2.7;3.7;1560
6.1;30/07/2016;17.6;12.5;9.5;0;1015.3;6.5;15;300;20;17.577;2.8;3.8;1759
5.5;31/07/2016;16.1;13;8;0.5;1017.8;6.7;12;230;15;17.468;2.6;3.7;1773
1.7;01/08/2016;16.3;13.4;12.6;57.9;1011.1;12.2;23;220;30;16.43;0.9;1.3;351
4.7;02/08/2016;16;14.4;14.6;2.6;1005.5;12.7;22;220;27;17.048;1.5;2.6;1245
3.5;03/08/2016;16.4;13.6;13.5;0.3;1004.3;20.3;27;240;37;16.665;2.5;4.5;2002
8;04/08/2016;18.3;12.6;11.2;0;1011.6;12.4;18;260;22;16.9;3.6;5.6;2657
8.9;05/08/2016;17.1;12.1;7.7;0;1019.4;6.8;13;230;16;17.55;3;4.4;2391
2.7;06/08/2016;16.9;11.9;6.8;0.9;1021.2;9.6;21;230;27;16.745;1.2;1.9;843
5.7;07/08/2016;16;13.2;13;0;1021.4;14.1;20;240;25;17.337;2.7;4.4;2124
8.5;08/08/2016;18.3;12;11.2;0.2;1025.4;10.5;15;260;21;16.903;3.5;5;2157
5.5;09/08/2016;16.9;10.4;3.3;0;1029.6;6.9;14;300;19;16.097;2.8;4;1860
7.5;10/08/2016;17.2;12.7;11.4;0;1027.5;14.3;20;270;28;16.785;2.9;4.6;2037
11;11/08/2016;17.7;13.1;12;0;1024.4;14.4;26;270;30;17.013;3;4.9;2278
4.1;12/08/2016;17.4;13.2;11.7;0.1;1021.5;13.6;20;220;25;16.878;1.8;2.9;1202
5.2;13/08/2016;17.2;12.2;10.1;0.1;1022.1;7.8;13;240;15;17.253;2.7;3.9;2024
5.2;14/08/2016;17.9;12.1;5.1;0;1023;5.9;12;100;15;16.888;2.3;3.2;1532
10;15/08/2016;18.7;14.2;11.7;0;1018.1;9.7;14;90;17;17.96;2.7;4.1;2014
5.4;16/08/2016;19.2;15.9;15.1;0.8;1011.1;12.3;18;90;25;18.21;2;3.1;1300
4.5;17/08/2016;17.5;13.5;15.4;2.7;1008.4;9.4;16;280;21;17.612;1.6;2.3;941
3.4;18/08/2016;16.8;11.8;6;13;1003.6;9;26;110;33;16.285;1.8;2.7;1191
2;19/08/2016;17;14.9;13.5;1.8;992.3;22.9;31;230;40;16.46;1.7;3.2;1350
1.3;20/08/2016;15.6;13.9;13.9;1.1;1001.3;26.9;35;240;47;15.668;1.9;3.2;840
0.4;21/08/2016;16.9;13.6;12.7;7.3;1012.8;16;23;220;31;15.267;1.3;1.8;398
9.4;22/08/2016;17.1;13;14.1;7.4;1015.8;10.1;19;220;25;17.035;2.2;3.5;1902
5.7;23/08/2016;16.5;12.3;12.1;5.1;1018.4;6.4;12;260;14;16.77;2.1;2.9;1503
6.2;24/08/2016;17.7;10.3;6.3;0.1;1018.7;3.8;9;190;11;16.585;2.3;3.1;1755
7;25/08/2016;17.9;10.7;7.7;0.2;1014.8;6.6;12;180;15;16.808;2.3;3.3;1820
8.5;26/08/2016;17.3;13.2;12.1;3.1;1014.2;7.7;15;220;18;16.872;2.5;3.6;1868
4.8;27/08/2016;17.2;13.5;11.3;5;1010.1;12.2;18;90;24;16.663;1.5;2.5;1133
8.7;28/08/2016;19.9;13.5;11.9;0;1012.7;8.4;14;30;17;17.4;2.9;4.2;2095
1;29/08/2016;17.7;13.4;8.8;0.1;1020.7;6.7;12;260;15;16.927;1.5;2.1;960
2.1;30/08/2016;18.5;14.5;14.6;1;1017.9;12.3;20;180;26;17.118;1.8;2.6;1079
6.2;31/08/2016;18.1;12.8;12.9;0.3;1018.5;9.8;16;250;21;16.94;2.3;3.4;1651
1.6;01/09/2016;16.4;13.2;5.5;4;1018.2;14;22;190;28;15.615;1;1.6;523
8;02/09/2016;16.8;13.9;13;0.1;1014.3;9.8;16;220;21;16.692;2.2;3.3;1686
2.4;03/09/2016;18;14.6;13;11.5;1008;16.1;30;220;38;16.51;1.6;2.5;949
2.5;04/09/2016;16.6;14.1;13.3;7.2;1009.3;10;18;250;23;16.17;1.1;1.6;648
1.3;05/09/2016;17;15.6;14.3;1.6;1011.9;12.5;19;220;25;16.895;0.8;1.3;500
1.3;06/09/2016;17.8;15.5;15.6;2.2;1015.9;10.8;15;180;18;17.32;1.1;1.7;775
1.6;07/09/2016;17.2;14.7;15.4;0.6;1008.7;12.8;20;200;30;16.783;1;1.4;324
2;08/09/2016;16.8;12.9;11.7;3.5;1004.7;15.2;24;250;32;15.673;1.4;2.1;703
1;09/09/2016;16.5;12.9;11.8;14.2;1003;17.2;34;180;45;15.195;1.3;1.9;473
6;10/09/2016;16;11.9;6;0;1010;7.5;16;230;20;15.343;2;2.9;1485
1;11/09/2016;17;13.7;11.2;2;1003.8;22.9;32;170;42;15.038;1.5;2.3;543
1;12/09/2016;17;12.4;14.1;11.8;1000.1;11;28;160;36;15.9;1.1;1.6;464
8;13/09/2016;17.2;9.3;4.3;0;1009.4;6.5;17;0;21;15.195;1.9;2.7;1411
4;14/09/2016;18.3;13.4;11.3;3.4;1009.8;7.9;17;0;23;14.85;1.7;2.1;501
4;15/09/2016;17.3;13.4;12.9;0.8;1011.7;7.8;16;270;20;16.147;1.7;2.4;1176
4;16/09/2016;15.7;12.6;10.4;0;1019.2;12.1;19;280;27;14.85;2;2.8;1194
3;17/09/2016;16.2;10.9;5.9;0;1021.9;7.3;14;180;17;14.685;1.2;1.7;674
1;18/09/2016;17.3;11.8;13.8;3;1019.8;10.6;19;190;24;15.712;1.5;2.2;1000
2;19/09/2016;15.1;10.8;5.1;0;1023.5;4.2;12;250;14;14.5;1.3;1.7;646
2;20/09/2016;15.8;12.1;8.5;0;1017;11.1;17;170;22;14.45;1.6;2.2;679
3;21/09/2016;14.9;8.9;12.9;2.1;1010.5;13.9;25;170;33;14.155;1.2;1.8;697
5;22/09/2016;16.4;8.4;2.5;1.1;1015.7;11.9;21;210;33;13.417;1.7;2.5;1214
1;23/09/2016;16.5;12.2;8.9;0;1010.8;19;28;170;36;14.135;1.2;2;714
2;24/09/2016;16.2;11.9;14.7;21.6;1001.7;19.4;32;180;42;15.132;1.2;1.9;562
9;25/09/2016;15.4;11.5;9.4;1.5;1008;17.1;25;250;38;13.74;2.1;3.2;1410
3;26/09/2016;15.8;12.4;10.6;1.8;1011;9.3;17;70;22;14.475;1.3;1.8;744
10;27/09/2016;17.1;13.9;11.9;1.3;1016.4;13.6;24;270;30;15.255;1.8;2.7;1408
1;28/09/2016;15.9;13.7;12.2;5.1;1018.1;15;25;220;34;15.418;0.9;1.4;392
8;29/09/2016;15.8;12;11.3;0.9;1012;16.6;24;240;31;14.515;2;3;1469
4;30/09/2016;14.2;9;8.2;9.8;1006.1;10.2;20;230;27;13.253;1.5;2;902
7;01/10/2016;14.8;7.8;5.3;0.2;1007.6;6.7;14;340;17;12.835;1.6;2.2;1272
5;02/10/2016;15.1;5.5;1.2;0.1;1012.4;13.1;23;160;32;12.217;1.2;1.9;1163
1;03/10/2016;15.5;14.3;12.6;18.5;1015;20.1;25;150;36;13.912;1;1.4;150
1;04/10/2016;15.2;13.6;13.3;23.1;1018.8;13.8;21;130;29;13.915;1.1;1.4;194
2;05/10/2016;16.2;13.8;12.2;0.1;1020.1;16;22;90;29;14.375;1.6;2.3;969
4;06/10/2016;14.9;12.7;12;0;1018.4;18;23;100;31;13.738;1.9;2.6;702
2;07/10/2016;15.5;12.6;10;0;1017.4;13.5;18;120;25;12.98;2.2;2.8;844
3;08/10/2016;15.8;11.4;10.1;0;1024;6.5;13;130;17;13.9;1.1;1.5;648
5;09/10/2016;16.1;10.8;7.6;0;1027.4;4.8;8;90;11;14.03;1.1;1.5;980
4;10/10/2016;15.4;10.4;6.8;0.1;1023;8.3;17;110;23;13.695;1.3;1.8;965
4;11/10/2016;14.1;12.6;10;0;1016.6;20.7;25;100;36;12.677;2.3;3.1;642
3;12/10/2016;15.4;10.1;9;0.1;1016.9;13.3;21;90;27;12.472;1.6;2;574
4;13/10/2016;14.1;8.6;7;0;1009.7;10.6;15;80;21;12.175;1.3;1.8;847
1;14/10/2016;12.7;8.5;7.8;5.5;999;11.3;26;110;34;11.802;1;1.3;316
6;15/10/2016;13.6;6.4;2.3;1.5;994.1;8.9;20;140;29;11.43;0.9;1.3;827
3;16/10/2016;13.6;10.1;8.6;9.8;996.2;19.9;34;240;46;11.773;1.4;1.9;474
4;17/10/2016;14.7;11.2;9.5;3.2;1011.6;19;28;240;41;12.163;1.6;2.2;822
5.3;18/10/2016;12.9;10.1;8.2;0.4;1021.8;13;21;290;31;11.693;1.5;2;907
2.8;19/10/2016;13.5;7.5;4.7;0;1025.3;4;9;280;11;11.72;0.8;1.1;487
3;20/10/2016;12.8;9;4.3;0.1;1022.6;4.1;8;40;9;12.157;1;1.4;618
1.8;21/10/2016;13.4;8;7.4;0;1017.3;6.8;14;140;19;11.845;0.9;1.2;531
2;22/10/2016;13.2;11.9;11.1;0;1010.8;16.8;23;90;30;11.637;1.7;2.2;409
7.3;23/10/2016;12.8;9.2;8.8;0;1005.9;19.5;27;70;35;11.052;1.4;2;623
5.3;24/10/2016;12.9;8.5;7.7;0;1010.3;16;24;40;29;10.487;1.5;2;517
1.4;25/10/2016;13.6;7.5;6.4;0;1018;5.7;12;30;16;11.118;0.7;0.9;330
4.4;26/10/2016;14.8;12.4;10.8;0.1;1024.3;10.1;15;220;19;12.368;0.9;1.3;846
0.4;27/10/2016;14.4;12.7;10.8;0.1;1027.8;12.6;18;220;22;12.562;0.8;1.1;476
0.6;28/10/2016;14.1;11.9;12.3;0;1030.6;9.3;16;230;21;12.845;1;1.2;197
1.2;29/10/2016;13.3;11.7;11.1;0;1029.4;8.6;13;160;18;12.19;1.1;1.3;298
1.1;30/10/2016;13.7;11.9;10.9;1.5;1025;7.2;12;70;16;12.515;0.7;0.9;248
2.5;31/10/2016;13.9;10.2;9.1;0;1022.1;9.5;14;20;18;12.48;0.7;0.9;261
3.4;01/11/2016;12;6.8;9.8;0;1024.2;14.7;20;30;27;11.495;0.9;1.3;585
6.6;02/11/2016;11.1;3.6;2.5;0;1024.3;7.1;12;30;14;9.057;0.8;1;803
1.2;03/11/2016;11.9;6.8;2.6;0.1;1017.4;5.5;11;250;15;9.915;0.6;0.8;283
3.8;04/11/2016;11.2;8.5;5.4;0.1;1010.5;9.4;17;0;24;9.568;0.9;1.1;612
8.3;05/11/2016;10.1;7.2;6;0;1012.6;14.5;21;350;28;8.632;1.3;1.6;750
6.8;06/11/2016;9.8;5.4;1;0;1016.6;13;24;330;32;7.681;1.2;1.5;688
7.5;07/11/2016;9.8;5;1.8;0;1018;6.9;17;350;23;7.249;0.8;1;721
0.2;08/11/2016;12.3;6.3;2.9;8.2;1006.5;15.3;25;290;31;9.147;0.8;1.1;136
3.2;09/11/2016;12.4;8.6;6.8;1.9;1005;18.4;29;260;38;9.158;1.3;1.7;456
3.4;10/11/2016;12.4;5.2;8.4;0.2;1012.1;11.3;21;270;26;9.948;0.5;0.7;653
0.1;11/11/2016;13.6;5.3;1.7;13.2;1011.7;15.5;25;180;32;10.095;0.5;0.7;90
4.4;12/11/2016;13.1;9.4;7.6;0.1;1015.6;10.2;18;270;23;10.977;0.4;0.6;553
0.7;13/11/2016;13.1;8.9;3.8;0.1;1026.4;7.1;13;240;18;10.605;0.4;0.6;313
0.5;14/11/2016;13.5;12.3;10.8;0.9;1027.8;12;17;250;21;12.235;0.5;0.7;256
2.5;15/11/2016;13.3;10.1;12.3;2;1023.5;13.2;18;250;23;12.45;0.5;0.7;269
4.1;16/11/2016;12.5;8.9;9.8;0.2;1013.9;19;26;250;36;10.94;1.1;1.4;472
2;17/11/2016;11.4;3.6;6.5;9.5;999.8;24.2;37;260;53;8.971;1.1;1.6;384
2.3;18/11/2016;8.4;3.6;2.3;3.8;996.8;15.9;28;290;39;7.139;1;1.3;279
0.1;19/11/2016;6.8;3.8;0.7;3;994.6;9.4;21;310;33;6.797;0.6;0.8;113
7.3;20/11/2016;6.4;0.9;-0.7;0;989.5;10.9;19;20;23;5.738;0.7;0.8;505
3.3;21/11/2016;6.9;2.4;0.4;0;995.5;18.5;26;350;36;5.074;1.2;1.5;378
5.7;22/11/2016;9.3;5.4;3.2;0;1007.1;15.7;25;350;34;5.751;1.3;1.5;533
6.5;23/11/2016;8.2;2.4;-2.5;0;1018.3;8.9;15;30;18;5.544;0.5;0.6;512
5.4;24/11/2016;8.9;4.4;-0.2;0;1022;13.3;18;20;23;6.324;0.7;0.9;383
7.1;25/11/2016;7.4;2.5;1.5;0;1021.5;10.9;17;30;20;5.716;0.5;0.6;502
0;26/11/2016;8.3;4.1;2;0;1019.1;11.4;15;30;18;5.93;0.6;0.8;336
2.3;27/11/2016;10.3;3.8;3.1;0;1021;13.1;18;80;26;6.545;0.7;0.9;267
0.1;28/11/2016;10;7;5.4;0;1025;11.5;18;90;25;7.719;1.2;1.4;93
6.4;29/11/2016;9;1.8;2.7;0;1030.2;7.4;10;50;13;6.849;0.4;0.5;458
6.6;30/11/2016;8.7;1.1;-0.3;0;1031.6;9.2;12;50;16;4.972;0.4;0.4;476
0.3;01/12/2016;9.9;3.4;0.9;0.1;1028.1;8.6;12;100;17;6.739;0.6;0.7;141
2.7;02/12/2016;10.2;7.1;6.9;0;1022.6;11.2;16;100;22;7.932;0.9;1.1;292
0.2;03/12/2016;10.5;8.8;7.1;0.3;1017.8;15.1;21;90;28;8.031;1.3;1.7;98
0.3;04/12/2016;10.1;8.4;7.9;0;1014.8;16.2;21;90;28;8.054;1.3;1.6;73
0;05/12/2016;11.1;9.8;8.6;0.6;1015.9;10.4;17;90;22;8.95;0.9;1;50
0;06/12/2016;12.4;11.1;9;1.1;1015;18;25;160;32;10.528;0.5;0.8;46
0;07/12/2016;13;11.2;11.6;1;1013.6;17.3;28;180;35;11.53;0.4;0.6;77
0.5;08/12/2016;12.6;10.6;9.8;5.5;1016.1;9.9;27;150;35;11.278;0.3;0.4;136
0;09/12/2016;13;11.5;10.7;1.2;1014.6;17.8;28;170;38;11.51;0.5;0.7;99
1.4;10/12/2016;11.7;8.8;1.5;0.5;1019.3;5.7;12;270;15;9.995;0.2;0.3;211
1.9;11/12/2016;11.3;5.2;1.9;0.3;1019.7;7.4;14;180;17;8.668;0.1;0.1;383
0;12/12/2016;11.6;9.6;5.6;12.1;1012.9;9.6;18;180;24;10.07;0.4;0.5;87
0.2;13/12/2016;12.6;8.6;8.2;13.9;1005.8;15.8;28;160;35;10.64;0.4;0.6;111
3.7;14/12/2016;11.9;3.7;8;2.3;1008.2;8.4;20;180;26;9.616;0.2;0.2;318
0;15/12/2016;10.5;8.2;-2.1;16.8;1007;15.1;27;160;37;8.573;1;1.3;44
3.9;16/12/2016;10;3.2;5.5;0;1020.8;6.2;12;300;18;7.939;0.2;0.3;389
1.7;17/12/2016;10.7;1.9;-0.2;0.1;1033.7;8.8;15;190;18;7.013;0.5;0.6;270
0.2;18/12/2016;10.9;9.8;6.5;0;1030.9;13.3;19;190;23;8.783;0.9;1.1;143
2.5;19/12/2016;11.1;3.7;8.6;0.3;1025.5;7.9;15;190;19;9.041;0.3;0.4;206
0.1;20/12/2016;10.8;2.6;-1.1;11.9;1015.5;11.8;28;190;35;7.435;0.4;0.6;52
1.2;21/12/2016;11.1;8.5;5.2;1.3;1014.4;18;26;270;34;8.063;1.5;1.8;207
3.6;22/12/2016;10.9;8;6.4;0.8;1022;16.7;25;230;35;7.958;0.9;1.1;310
1.7;23/12/2016;12;8.2;7.5;3.2;1016.4;25.3;37;190;48;8.865;1.1;1.5;202
0.4;24/12/2016;11.6;9.4;6.7;1.7;1022.6;21.8;28;240;39;8.792;1.1;1.4;281
0;25/12/2016;12.6;7.9;9;1.1;1019.2;20.8;31;220;39;10.193;1;1.3;158
3.6;26/12/2016;9.4;6.1;5.6;0.3;1030.2;10.3;25;260;37;7.64;0.9;1;281
0.5;27/12/2016;11.1;8.2;2.4;0;1036.4;13.3;20;150;26;8.086;1.1;1.2;280
1.6;28/12/2016;10.6;8.3;6.1;0;1033.8;8.6;17;160;21;8.535;0.6;0.7;244
0.5;29/12/2016;11.5;10.1;5.7;0;1030.6;11.3;16;220;19;9.523;0.5;0.6;229
0.1;30/12/2016;11.8;10.1;9.5;0;1031.1;10.2;15;220;19;10.208;0.5;0.7;121
0;31/12/2016;11.2;9.6;8.1;1.9;1024;13.5;22;240;29;9.788;0.5;0.7;121
5;01/01/2017;9.5;4.2;3.2;1.5;1022.3;19.6;27;20;36;7.332;0.6;0.7;432
6.2;02/01/2017;6.3;0.9;2.3;0;1028.9;14.8;22;30;27;5.003;0.8;0.9;427
5.9;03/01/2017;7.3;0.6;-0.9;0;1029.8;6.7;12;50;15;4.109;0.4;0.5;431
6;04/01/2017;6.6;0.9;-0.9;0;1028.1;5.7;9;60;11;4.604;0.4;0.5;265
0.3;05/01/2017;10.7;5.3;-0.3;3.5;1026.6;14.2;23;160;29;6.799;0.6;0.9;81
0;06/01/2017;11.5;10.6;8.2;8;1027.5;13.5;22;180;27;9.667;0.3;0.5;110
0.7;07/01/2017;11.1;9.3;9.5;0.9;1030.2;5.7;12;220;15;10.048;0.2;0.3;195
0.1;08/01/2017;11;9.7;7.5;0.6;1027.4;8.5;17;200;23;9.872;0.5;0.6;117
0.6;09/01/2017;10.9;8.1;7.1;1.9;1018.8;20.1;28;220;38;9.055;1;1.3;225
1.4;10/01/2017;12.4;8.8;7.4;0.1;1014.2;19.1;27;250;36;9.1;1;1.3;218
1.2;11/01/2017;11.5;7.7;8.4;0;1016.5;17.9;26;260;37;8.753;1.1;1.3;295
1.5;12/01/2017;8.5;2.1;4.1;4.7;1010.5;17.8;30;310;44;6.695;1.1;1.4;178
4.2;13/01/2017;7.1;2.1;-0.5;1.1;1018.5;10.3;26;340;33;5.162;0.7;0.8;410
1.8;14/01/2017;9.4;6.8;-1.7;0;1025.9;11.8;19;280;25;6.296;0.8;1;340
0.4;15/01/2017;11.1;7.9;6.1;0.1;1027.8;12.4;20;260;25;8.047;0.7;0.9;269
0.9;16/01/2017;10.9;8.6;6.4;0.2;1029.2;6.7;13;280;15;8.898;0.3;0.4;295
0.5;17/01/2017;10.9;8.8;8.5;0;1030.7;4.4;10;170;13;9.345;0.5;0.7;219
0;18/01/2017;9.8;8.2;8;0;1032.7;9.9;15;170;19;8.81;0.9;1.1;151
6;19/01/2017;10;4.6;4;0;1032.2;7.8;11;100;16;7.399;0.7;0.8;525
5;20/01/2017;9.3;4;2.8;0;1027.3;10.3;14;140;19;6.558;0.9;1;382
1.1;21/01/2017;8.3;5;3.3;0;1021.4;7.4;12;120;16;6.814;1;1.2;149
1;22/01/2017;10.4;5.6;4.6;0.4;1020;6;9;90;13;7.166;0.7;0.8;260
0.6;23/01/2017;10.4;8;-0.3;2.7;1020.4;14.1;20;170;26;7.535;0.6;0.8;373
0;24/01/2017;10.7;9.6;8.1;5;1017.4;19.9;25;190;30;9.347;0.5;0.8;134
0;25/01/2017;10.6;9.9;9.1;0;1010.8;25.3;31;160;43;9.302;1.2;1.8;94
0;26/01/2017;9.9;7.5;6.9;17.1;1000.4;26.1;34;130;49;8.58;0.9;1.5;35
1.6;27/01/2017;10.1;5.2;5.3;4.2;998.7;10.1;25;160;33;8.29;0.5;0.7;298
3.8;28/01/2017;9;3;-0.3;2.1;1005.5;8.5;21;240;29;6.713;0.5;0.7;572
1.3;29/01/2017;11.1;5.6;-0.8;4.2;1003.5;8.1;16;130;23;8.66;0.3;0.5;269
0;30/01/2017;11.4;9.4;7.4;8;999.3;13.2;23;160;31;9.695;0.5;0.7;139
3.1;31/01/2017;11.1;8;2.6;0.4;1001.5;5.7;13;170;17;9.23;0.4;0.6;457
1.4;01/02/2017;11.4;9;4.7;6.4;990;20.2;35;160;45;8.878;0.8;1.2;313
0.3;02/02/2017;11.5;7.7;8.7;2.9;972.9;23.4;37;240;49;9.762;0.9;1.4;311
3.7;03/02/2017;9.2;4.7;5;0.7;984.8;14.6;31;230;46;7.73;1.1;1.5;459
2.3;04/02/2017;7.7;2.7;1.8;2.8;990.6;9;20;220;29;6.492;0.7;1;420
5.2;05/02/2017;9.1;2.9;-0.9;0;1002.1;9.6;30;260;36;6.26;0.9;1.2;626
0.9;06/02/2017;12.1;6.7;-2.2;19.7;1004.2;20.1;32;160;45;8.271;0.9;1.3;282
5.5;07/02/2017;8.6;2.9;4.1;0.5;1014.2;12.2;25;240;30;7.274;0.8;1.1;668
1;08/02/2017;9.9;1.9;-2.9;1.2;1021.8;12.1;19;160;26;6.963;0.6;0.8;350
1.9;09/02/2017;9.8;7.1;7.2;2;1016.5;20.7;26;120;38;8.142;1.1;1.6;437
1.3;10/02/2017;7.5;1.3;3.5;1.4;1021.7;15.6;24;100;32;6.535;1.1;1.5;303
8.5;11/02/2017;5.8;2;0;0;1026;16.8;23;30;31;5.167;1.2;1.8;856
4.5;12/02/2017;6.3;3.2;2.4;1;1016.9;21.3;28;50;36;5.304;1.1;1.7;541
0.7;13/02/2017;9.9;4.8;2.3;9.5;1008.2;24.3;30;80;42;6.953;0.8;1.4;205
2.5;14/02/2017;11.8;8.5;7.7;7.7;1009.9;13.8;24;100;31;9.03;0.7;1.1;843
4.1;15/02/2017;11;8.9;7.1;1.6;1019.3;13;19;190;28;9.092;0.9;1.3;713
1.9;16/02/2017;11.4;8.8;6.6;0.1;1024.1;10;13;200;17;9.233;0.7;1.1;793
0.1;17/02/2017;10.8;9.8;8.6;2.8;1018.8;15.6;22;170;27;9.898;0.5;0.8;227
4.9;18/02/2017;11.3;7;1.7;0.2;1018.1;5.7;14;230;18;9.795;0.6;0.8;661
1.6;19/02/2017;12.3;9.5;6.7;0.9;1020.8;13.2;21;270;26;10.27;0.7;1.1;465
1;20/02/2017;11.2;10.1;9.5;0.7;1020.7;15.7;24;240;30;10.423;0.5;0.8;284
0.4;21/02/2017;11.2;10.3;10;0.3;1014.8;21;29;240;35;10.477;0.7;1.1;304
1.3;22/02/2017;10.9;9.9;10.1;2;1004.2;21.9;31;230;39;10.628;0.5;1;446
5.1;23/02/2017;10.8;6.6;4.9;2;1003.8;23.4;39;270;59;8.915;1.3;2.2;955
1.6;24/02/2017;10.2;6.8;3.8;0;1012.8;13.1;21;220;29;8.156;1.2;1.6;470
1.1;25/02/2017;12;8.8;8.2;2;1004.9;18.4;27;200;36;9.743;1.1;1.6;534
3.7;26/02/2017;11;4.4;6.7;4.4;996.8;23.4;38;200;49;9.31;0.9;1.6;688
4.2;27/02/2017;7.7;3.4;0.4;4.8;985.4;16.7;29;230;40;6.991;1.2;1.8;652
1.8;28/02/2017;9.8;4.5;0.9;0.9;991.7;17.4;31;290;40;6.883;1.6;2.5;1062
2.5;01/03/2017;9.4;5.3;3.5;4.4;998.7;16.4;36;270;48;7.407;1.2;1.8;644
2.2;02/03/2017;10.1;7.1;3.8;8.9;1001.4;16.6;32;270;45;6.946;1.9;2.5;489
2;03/03/2017;9.4;5.3;4.8;26.1;988.2;10.9;19;280;24;7.787;0.7;1;295
5.8;04/03/2017;9.1;5.9;4.1;2.6;984.9;17.7;27;270;34;7.547;1.5;2.4;1139
4.7;05/03/2017;9.7;5.8;4.7;4.9;990.2;24.3;40;260;60;7.321;1.5;2.6;918
3.5;06/03/2017;9.4;6;4.8;9.2;1005.8;18.2;33;270;44;7.424;1.5;2.4;1061
2.1;07/03/2017;11.2;7.1;4.7;15.6;1010.6;13.4;24;220;30;8.545;0.8;1.2;326
2;08/03/2017;10.6;8.9;8.4;2.7;1010.7;8.6;17;240;20;9.78;0.7;1;518
5.5;09/03/2017;11.1;8.6;5.7;2;1016.5;9.1;16;240;21;10.075;0.7;1.2;675
0.6;10/03/2017;10.6;9.7;9.3;0.6;1015;13.5;19;190;23;10.042;0.7;1.1;269
8.5;11/03/2017;11.8;9.5;9;4.8;1010.6;8.2;16;180;21;10.945;1.2;1.9;1378
6.5;12/03/2017;10.9;8.4;6;0.2;1016.1;14.7;26;280;38;9.923;1.5;2.3;1260
6.4;13/03/2017;12.3;9.6;7.7;0.2;1027.5;9.9;14;250;18;10.637;1.1;1.7;960
6.2;14/03/2017;12;9.8;10;0.3;1030.8;11;19;220;24;11.243;0.9;1.5;968
1.9;15/03/2017;11.4;9.1;8.6;1.1;1028;7.6;15;190;19;11.35;0.9;1.3;792
4.1;16/03/2017;11.8;7;7.6;0.3;1021.8;11.1;17;310;23;10.663;1.5;2.2;1082
1.1;17/03/2017;10.8;7.1;4.8;4;1017.9;22.3;28;230;36;9.102;1.2;1.9;398
0.5;18/03/2017;11.2;10.2;8.6;2.8;1011.8;18.9;26;250;35;10.507;0.6;1;247
0.9;19/03/2017;11.3;10.3;9.9;1.2;1006;20;25;230;33;10.795;0.8;1.4;563
7.1;20/03/2017;11;4.2;7.7;10.3;1002.9;17.5;29;250;45;10.035;1.2;2.3;1252
1.7;21/03/2017;7.2;3;1.7;11.8;1002.2;11.4;27;240;40;7.091;1.1;1.6;394
6.5;22/03/2017;9.3;2.5;-0.1;0;1005;16.9;36;350;48;6.656;2;3;1060
4.7;23/03/2017;11;5.4;3.9;0;1017.7;18.2;25;0;34;7.679;2.2;3.4;1322
5.3;24/03/2017;11.1;3.9;2;0;1027.1;11.7;23;80;30;8.061;1.8;2.9;1746
11;25/03/2017;15.3;4.3;2.2;0;1026.2;9.9;16;50;21;8.769;2.7;3.7;1745
9.8;26/03/2017;12.2;7.4;4.8;0.1;1019;17.4;28;70;39;8.545;2.6;4.1;1747
11;27/03/2017;12.9;8.5;6.7;0.2;1013.3;16.8;25;70;33;9.88;1.8;3.2;1698
2.1;28/03/2017;12.1;9.6;8.3;6.1;1009;14;20;180;25;10.488;1.1;1.8;835
1.2;29/03/2017;11.6;10.5;10.1;4.9;1007.9;16.6;23;170;31;10.898;0.7;1.2;422
2;30/03/2017;11.5;10.1;10.4;6.9;1003.2;14.8;19;160;26;11.057;0.7;1.2;476
3.6;31/03/2017;12.8;8.9;7.8;0.5;998.5;14.5;21;190;27;11.023;1.8;3;1628
7.9;01/04/2017;12.4;8.4;7.2;0;1009.5;12.2;21;300;28;10.898;2.3;3.5;1788
5.9;02/04/2017;12.4;4.2;0.3;0.1;1019.2;10.4;21;160;26;10.295;1.6;2.5;1476
1.6;03/04/2017;11.9;9.2;9.4;4.9;1017.7;20;28;180;37;10.792;1.1;2;709
5.6;04/04/2017;12.9;6.1;4.2;0;1028.4;6.1;15;310;20;10.505;1.9;2.7;1289
3.2;05/04/2017;11.1;6;0.2;0;1033.8;5.3;13;240;15;10.278;1.4;1.9;848
4;06/04/2017;11.2;5.1;7.1;0;1030.3;4.3;9;350;10;10.403;1.5;2.1;999
6.2;07/04/2017;10.9;4.1;0.8;0;1024.5;6.2;11;160;16;9.802;1.4;2;979
11;08/04/2017;12.6;7.9;6.6;0;1017.6;8.5;15;100;19;11.247;1.8;2.8;1581
4.7;09/04/2017;14.1;8.5;6.2;0;1019.8;7;14;230;17;11.898;1.8;2.6;1358
5.8;10/04/2017;13.4;5.6;-0.3;0;1028.1;5.3;15;340;18;11.312;2.1;2.9;1548
7;11/04/2017;11.7;4.3;-0.4;0;1027.3;8.3;16;260;21;10.3;1.7;2.5;1237
5.4;12/04/2017;12.9;9.2;8.2;0;1022.1;12.9;17;280;23;11.448;2.3;3.6;1741
7;13/04/2017;11.8;8.6;7.3;0;1018.7;9.7;19;240;21;12.068;2;3.3;2027
2.2;14/04/2017;11.9;9.1;9.2;1;1016.3;11.4;16;240;19;11.645;1.3;2;929
6.2;15/04/2017;12.4;8.8;7.2;0;1020.8;10.2;18;270;22;11.44;2.4;3.4;1489
3;16/04/2017;13.1;9;6.4;0;1023.5;11.8;20;270;26;11.318;1.7;2.6;1201
5.2;17/04/2017;11.9;8.4;8.1;0;1024.9;5.6;12;240;14;11.907;1.7;2.3;1062
1.9;18/04/2017;11.8;7.9;3.5;0;1029.9;4.2;11;120;14;11.64;1.5;2;949
4.6;19/04/2017;13.6;8.6;8;0;1033.6;4.1;9;200;11;13.328;2.7;3.8;2338
5.4;20/04/2017;14.6;6.8;0.4;0;1034.3;4.4;10;130;14;13.148;2;2.9;1672
10.3;21/04/2017;14.6;6.5;0.3;0;1031.8;3.9;8;130;12;13.385;2.8;3.8;2352
5.2;22/04/2017;14.2;8.6;3.9;0;1029.1;4.7;11;130;13;13.493;2;2.8;1319
2.5;23/04/2017;14.6;8.6;4.1;0;1024.2;4.2;9;140;12;14.123;2.4;3.3;1819
6.9;24/04/2017;13.5;4.9;2;0;1018.6;9.2;25;10;30;12.125;2;2.8;1214
9.5;25/04/2017;11.5;4.1;2.5;0.2;1020.4;17;28;0;36;10.525;3.2;5.3;2284
5.9;26/04/2017;10.8;3.6;2;0;1022.2;10.9;20;350;25;9.276;2.2;3.2;1268
5.8;27/04/2017;13.1;5.6;-3.3;0;1021.7;6.4;13;310;16;10.385;2.2;3;1407
3.7;28/04/2017;11.6;7.3;5.2;0.4;1015.1;8.3;19;190;22;11.55;2.2;3.1;1487
3.8;29/04/2017;12.7;8.8;7.8;2.9;999.1;21;27;120;39;11.583;2.3;3.8;1356
5.6;30/04/2017;12;8.1;7.6;5.1;990.4;19.4;29;240;41;11.245;2.2;4;1753
9.1;01/05/2017;13.1;9.3;7.7;0.5;1004.3;11.6;20;270;27;12.413;2.9;4.7;2473
4.8;02/05/2017;12.8;8.9;8.5;0.2;1016.9;6.8;13;100;17;12.745;1.2;1.7;778
12.1;03/05/2017;13.9;7.2;5.8;0.2;1021.8;12.8;22;80;30;13.205;2.8;4.8;2605
4.8;04/05/2017;13.2;7.8;5.5;0;1019.5;16.1;22;60;31;11.653;2.3;3.6;1371
3.2;05/05/2017;13.1;9.9;8.9;0;1012.9;21.9;31;70;43;11.64;2.5;4.1;1231
6.4;06/05/2017;12.9;10.2;10;0;1012.2;16.2;23;70;33;11.81;2.2;3.2;956
6.3;07/05/2017;14.9;8.8;9.2;0;1020.8;5.5;11;150;15;13.507;2.6;3.6;1856
12.1;08/05/2017;16.7;7.2;1.4;0;1024.3;8.6;17;80;23;14.385;3.3;5;2713
8.6;09/05/2017;13.8;5.6;3.6;0;1018.7;8.7;13;110;17;14.23;2.7;4.4;2534
10.7;10/05/2017;13.2;5.3;2.9;0.1;1004.8;6.4;14;130;18;14.285;2.9;4.4;2628
9.5;11/05/2017;15.7;4.5;1.1;0.1;993.6;6.2;13;100;16;14.8;3;4.5;2566
3.5;12/05/2017;14.7;10.9;8;0.1;993.4;8.1;17;260;21;14.43;2.1;2.9;1168
3.7;13/05/2017;13.2;10.6;8.9;3.2;1000.3;13.8;21;170;27;12.885;1.9;3.1;1301
6;14/05/2017;14.1;9.2;6.5;6.8;1009.2;15;21;230;35;13.102;2.5;4.4;2158
0.8;15/05/2017;13.3;11.8;11.2;11.5;1007.1;23.7;31;180;38;13.055;0.8;1.4;324
10.8;16/05/2017;13.9;11;11.8;0.6;1013.5;14.5;23;190;29;14.67;2.8;5.1;2733
8.8;17/05/2017;13.8;10.2;8.1;0.1;1014.7;12.3;17;260;23;14.177;3;4.9;2509
9.8;18/05/2017;13.1;8.8;7;0.7;1010.7;11.6;20;250;30;14.108;3.2;5.1;2617
7.2;19/05/2017;14.1;7.2;1.3;0.9;1011.4;9.9;17;250;22;13.943;2.7;4.2;2219
8.7;20/05/2017;13.2;9.5;6.8;1.5;1013.1;11.9;22;190;27;14.538;2.8;4.7;2543
4.7;21/05/2017;14.8;12.1;11.1;0;1011.4;16.5;21;170;28;15.175;2.6;4.5;2075
4.4;22/05/2017;14.2;11.9;10.7;3;1010.4;11.8;19;220;24;15.12;1.8;3.1;1494
4.7;23/05/2017;14.2;12.5;12.6;0.3;1018.8;8;14;240;16;15.097;1.5;2.3;1083
2.9;24/05/2017;16.1;12.5;12.6;0.2;1022.2;6.3;11;90;17;15.862;1.9;2.7;1205
8.9;25/05/2017;16.9;12.5;12.4;0.1;1016.2;12.4;17;90;23;16.228;2.2;3.6;1646
4.1;26/05/2017;16.4;12.4;12.2;6.1;1009.7;8.8;15;70;20;15.247;1.5;2.1;715
8.1;27/05/2017;16.8;11;12.1;0.7;1011.7;9.5;18;240;21;16.64;3.3;5.2;2717
7.5;28/05/2017;16.7;9.6;6.6;1.2;1014;8.9;16;100;22;15.602;2.5;3.7;1652
3.2;29/05/2017;15.6;10.9;10.9;0.4;1010.5;5.9;11;240;13;16.167;2.2;3.1;1538
5.1;30/05/2017;18.3;12.1;10;0.7;1013.1;6.7;14;220;17;17.38;2.8;4;1902
4.9;31/05/2017;16.9;11.7;10.2;0;1015.2;9.7;17;170;23;16.917;2.7;4;1750
3.2;01/06/2017;14.3;11.8;12.1;8.6;1013;13;22;180;27;15.142;1.2;2;763
9.5;02/06/2017;15.2;10.3;4.3;0.2;1013.5;8.6;19;190;22;16.368;3.6;5.5;3031
10.2;03/06/2017;14.8;10.5;9;3.9;1011.4;14.6;23;190;32;15.778;3.2;5.5;2659
8;04/06/2017;14.9;10.8;8.5;3.2;1007.5;16.1;29;190;35;15.592;2.7;4.7;2188
2.9;05/06/2017;13.5;10.3;11.2;7.5;997.2;14.1;23;310;31;14.1;1.5;2.4;808
8.2;06/06/2017;14.2;10;8.3;0.2;1005;20.5;28;270;37;14.23;3.1;5.8;2565
2.5;07/06/2017;14;10.5;6.9;26.2;1006.3;11.5;22;180;29;13.462;1.1;1.7;594
4.7;08/06/2017;15.5;11.5;11.9;7.6;999.6;12.4;21;220;28;15.6;2.7;4.4;2156
3.4;09/06/2017;14.2;11.4;8.9;24.8;1003.4;13.9;30;150;39;14.63;1.4;2.4;1071
4.6;10/06/2017;15.8;12.7;12;2.8;1002.8;17.5;24;190;30;16.062;2.5;4.8;2360
5.2;11/06/2017;14.2;11.7;11.4;0.2;1008.9;20.4;28;220;35;15.743;2.5;4.9;2318
3.1;12/06/2017;14;11.9;11.2;0.9;1015.5;12.7;22;250;29;14.858;1.8;2.8;1065
3.2;13/06/2017;15.9;12.1;11.6;0;1015.3;9;13;190;17;15.895;2.5;3.9;1934
5.9;14/06/2017;15.9;12.6;11.8;2.3;1010.7;14.1;21;180;26;15.948;2.5;4.2;1984
4.3;15/06/2017;14.8;12.3;11.3;0;1013.8;15.1;21;230;25;15.752;2.8;5;2509
7.8;16/06/2017;16.1;12.8;12.4;0;1022.7;9.4;13;240;16;17.423;3.1;5;2664
11.6;17/06/2017;17;12.4;8;0.1;1024.7;5.2;10;230;12;18.88;3.8;5.4;2998
11.5;18/06/2017;19;11.4;6.9;0;1021.2;4.5;9;130;11;19.802;4.2;5.7;2976
8.3;19/06/2017;22.1;11.9;10.5;0;1017.2;6.1;12;110;16;19.962;4;5.5;2506
8;20/06/2017;19.7;14.9;13.8;0.6;1013.8;12.7;23;70;33;19.255;3.4;5.1;2076
7.9;21/06/2017;18.3;13.5;13.8;1.1;1011.1;10.2;19;100;28;18.507;2.6;4;1819
10.8;22/06/2017;16;12.6;12.3;0.5;1012.3;12.8;18;230;21;17.873;3;4.7;2152
2.8;23/06/2017;14.8;12.8;12.9;4;1012.7;13.6;21;230;26;16.112;1.3;2.1;799
9.1;24/06/2017;17;12.4;12.1;0.8;1012.4;11.6;21;260;25;17.63;3.3;5.3;2622
4.9;25/06/2017;17.6;12.8;12.5;0.5;1011.9;11;17;250;24;18.24;3.3;5.2;2473
3.9;26/06/2017;15.6;11.8;10.8;7.3;1008.5;8.8;15;150;20;16.51;1.5;2.2;821
5.6;27/06/2017;16;11.8;12.7;0.7;1001.8;10.2;14;260;19;17.068;2.4;3.7;1810
4.5;28/06/2017;17.8;11.5;9.5;;998.8;7.2;13;240;15;16.915;3;4.3;2021
3.9;29/06/2017;16.5;11.9;11.3;4.6;1003.7;12.3;22;340;34;15.507;2.5;3.6;1174
6.7;30/06/2017;16.3;11.8;9.9;0;1013.7;14.4;21;330;34;15.613;3.9;5.9;2409
4.2;01/07/2017;16;11.6;10.3;0.1;1018.8;10.9;19;250;22;16.083;1.9;3;1345
5.3;02/07/2017;14.7;9.7;2.4;2;1020.7;7.4;15;220;19;16.125;1.8;2.8;1496
2.1;03/07/2017;15.5;12.5;12.3;0.2;1017.9;9.2;15;220;19;15.913;1.3;2;900
2.4;04/07/2017;16.4;13.5;13.3;0;1016.9;8.6;14;230;19;17.41;2.1;3.2;1557
5.1;05/07/2017;17.4;13.4;11.4;0;1016.6;4.6;11;120;14;18.355;2.3;3.1;1507
7.4;06/07/2017;16.3;12.5;12.9;0.3;1014.8;6.4;14;240;15;19.052;2.7;4;2159
6.6;07/07/2017;16.7;13.6;13.7;0.1;1016.1;7.9;14;250;17;18.548;2.3;3.4;1621
7.8;08/07/2017;18.8;13.2;11.4;0;1015.7;6.7;12;240;15;19.375;3;4.3;2125
6.7;09/07/2017;18;12.8;10.7;0.6;1012.2;10.9;15;260;19;18.455;2.9;4.4;1945
5.7;10/07/2017;16.3;13.1;12.1;0.2;1008.5;8.9;13;270;16;18.292;2.3;3.5;1679
5.1;11/07/2017;16.2;12.4;11.3;6;1005.1;7.7;18;50;23;16.673;1.5;2.2;963
6.4;12/07/2017;18.5;11.7;6.3;0.1;1014.2;5.8;9;200;12;18.86;4;5.7;2996
8.1;13/07/2017;18.9;13.8;14.4;0;1019.4;11.1;21;270;25;19.56;3.4;5.1;2271
6.3;14/07/2017;16.5;13.4;11.3;1.3;1020.8;11.9;17;290;23;18.04;2.4;3.8;1650
3;15/07/2017;16.8;14.9;14.7;9.2;1018.6;13.1;18;220;23;17.315;1.4;2.3;980
8.8;16/07/2017;19;12.2;14.2;0.7;1021.9;8.3;14;230;17;19.49;3.5;5.2;2645
11.8;17/07/2017;18.5;10.6;8.6;0;1020.6;7.7;11;110;15;18.57;3.7;5.6;2913
7.1;18/07/2017;20.4;12.9;9.9;13.4;1009.5;11.3;18;90;25;18.802;3;4.5;2017
4.1;19/07/2017;17.1;13.1;16.2;5.2;1003.3;13.2;25;290;33;17.925;2.4;4;1855
6.9;20/07/2017;15.7;11;9;21.1;1000;14.3;27;190;35;15.597;2.3;3.9;1786
4.5;21/07/2017;15.8;11.8;9.5;2;994.9;18.9;31;280;39;14.92;2.3;4.1;1654
7.6;22/07/2017;19;12.6;11.2;2.4;1002.9;11.7;25;260;35;15.948;3.4;5;2083
7.8;23/07/2017;20.1;12.6;9.5;0;1013.6;6;14;270;18;17.872;3.3;4.6;2223
10.4;24/07/2017;19.1;13.4;10.7;0.1;1018.7;9;15;250;19;18.222;3.3;5;2382
2.2;25/07/2017;17.3;14;13.1;5.8;1011.9;5.6;13;220;18;17.858;1.4;2;815
5.4;26/07/2017;16.9;13.6;13.7;5.7;1002.7;18;25;220;32;17.073;2.6;4.9;2367
0;27/07/2017;15.4;12.5;12.2;1.1;1002.4;18.5;29;230;38;16.06;2.6;4.7;2152
4.8;28/07/2017;16.4;12.7;11.6;8.7;1001.7;13;21;240;29;16.15;1.8;3.1;1461
6;29/07/2017;16.6;12.5;11.8;0.1;1003.2;10.1;16;250;21;16.628;2.8;4.2;2022
7.1;30/07/2017;16.5;12.5;11.1;2;1002;14;19;230;25;16.312;2.8;4.7;2273
6.1;31/07/2017;15.7;12.6;11.5;1.5;1005.9;12.4;22;240;28;16.25;2.4;4;1952
4.9;01/08/2017;16.2;12.6;11.8;3.3;1005.7;10.2;19;130;30;16.462;2.2;3.3;1564
5.1;02/08/2017;17.2;13.5;12.6;10.9;998.9;15.5;27;220;34;16.71;2.1;3.7;1734
3.5;03/08/2017;16.8;13.5;12.8;0.7;1001.2;17.4;28;230;39;16.432;2;3.6;1666
9.1;04/08/2017;17.3;12.5;11.8;0.1;1010.8;11.3;16;250;21;17.222;3.2;5.1;2629
9.4;05/08/2017;16.8;11.8;9.8;0.6;1017.5;11.3;16;270;21;16.75;3.2;5.2;2660
1;06/08/2017;14.4;12.9;10.9;8.4;1017.6;12.8;21;230;28;15.077;1;1.5;485
7.1;07/08/2017;17.1;12;10.1;0;1014.9;8.8;15;260;18;16.495;3.2;4.9;2518
5.4;08/08/2017;15;11.2;6;0.2;1016.2;9.4;16;350;23;14.503;2.5;3.6;1551
8.7;09/08/2017;19;11.1;6.4;0;1023;10.7;21;0;28;15.55;3.6;5.3;2445
6.3;10/08/2017;15.3;10.2;2.4;0.2;1023.8;6.6;13;220;15;15.36;2;2.9;1477
2.6;11/08/2017;15.2;13.1;12.5;2;1017.3;13.2;21;220;25;15.595;1.1;1.9;722
4.3;12/08/2017;17.9;12.1;11.2;0;1017.7;10;15;270;19;16.96;3.2;4.9;2495
4;13/08/2017;15.8;11.9;9.3;9.1;1015.4;7.5;16;150;21;15.712;1.4;2.1;916
3.9;14/08/2017;16.9;12.7;13;7.3;1009.2;11.3;17;250;22;16.545;1.9;3.1;1509
9.9;15/08/2017;16.5;12.4;10.2;1.8;1012.5;8.1;15;170;20;16.94;2.8;4.2;2336
1.2;16/08/2017;16.5;13.3;13.1;4.3;1009;14.8;25;180;34;16.245;0.9;1.7;695
6;17/08/2017;17.4;12.1;11.9;2.9;1006;14;22;230;29;16.533;2.5;4.3;2173
5.6;18/08/2017;16.1;11.7;10.3;1;1011.9;18.4;30;270;44;14.895;2.7;4.6;2056
6.1;19/08/2017;16.3;12.8;11.3;0;1017.9;10.1;16;260;21;15.045;2.1;3.1;1277
2;20/08/2017;16.5;13.4;13;15.3;1016.3;8.6;15;230;17;15.948;1.1;1.5;574
1.4;21/08/2017;15.9;14.5;14.6;0.4;1015.3;8.5;13;130;17;16.432;0.9;1.4;569
5;22/08/2017;18.4;13.9;14.3;0.7;1011.1;7.8;12;140;16;17.535;1.9;2.8;1375
5.7;23/08/2017;16.2;13.2;12.3;0.2;1010.9;10.7;16;240;22;16.765;2.3;3.7;1929
3.1;24/08/2017;16.8;13;10.8;0;1013.2;10.4;17;220;22;16.243;2;3;1383
2.3;25/08/2017;16.6;12.9;9.5;0.3;1013.3;5;15;180;18;16.075;1.3;1.8;788
2.3;26/08/2017;18;14.1;12.1;1.6;1014.4;6.2;10;100;13;16.915;1.3;1.8;789
2.5;27/08/2017;17.2;15.1;14.9;0.2;1015.1;4.9;10;200;13;17.495;1.2;1.6;744
1.7;28/08/2017;16.7;12.9;12.6;0.8;1014.6;9.9;15;220;18;16.298;1.2;1.8;668
4.6;29/08/2017;16.4;11;5.2;0;1015;7.5;15;260;21;14.83;2;2.8;1276
7.3;30/08/2017;16.9;12.5;10;5.6;1013.2;8.3;18;270;21;15.63;2.5;3.6;1900
4.9;31/08/2017;16.8;11.6;8.6;0.7;1017.1;6;13;280;20;15.203;2;2.8;1315
11.3;01/09/2017;16.8;9.6;5.2;0.1;1022.5;5.4;12;240;14;15.475;2.5;3.6;2175
1.1;02/09/2017;16.4;10.6;4.6;31.7;1012.7;15.4;28;160;38;14.517;0.6;1;316
3.3;03/09/2017;17.5;14.6;14.9;3.7;1002;9.4;16;220;21;17.635;1.4;2.3;1265
3;04/09/2017;17.4;14.1;14.2;9.7;1006.5;8.5;17;220;21;16.903;1.2;1.7;757
8.2;05/09/2017;17;12.6;12.4;4.4;1011.6;14.5;23;270;30;15.865;2.3;3.7;1775
5.1;06/09/2017;17.4;14.1;12.3;0;1018.6;13.7;17;270;23;15.378;2.2;3.2;1239
2.5;07/09/2017;16.5;14.1;12.8;1.3;1010.7;15.1;22;260;29;15.688;1.5;2.4;963
6.1;08/09/2017;16.1;12.5;12.7;11.9;1001.5;16;25;290;31;15.345;2;3.3;1500
5.7;09/09/2017;16.4;12.3;9.8;0;1003.8;15;21;290;29;14.148;2.5;3.7;1531
3.7;10/09/2017;15.6;11.7;11.7;2.7;998.7;24.2;34;260;49;14.172;1.9;3.4;1430
6.3;11/09/2017;15.6;12.1;9.9;0.3;999.2;21.6;35;260;49;13.943;2.4;4;1683
2.2;12/09/2017;15;11;9;4.6;999.1;16.8;33;260;45;12.872;1.1;1.7;536
7.8;13/09/2017;14;10.5;8.5;1.7;1002.8;15.8;26;270;35;12.765;2.1;3.3;1519
7.4;14/09/2017;15.9;10.9;7.3;0.3;1013.3;9.9;19;310;24;13.095;2.2;3.2;1545
7.9;15/09/2017;15.8;11.3;4.2;0;1018.3;9.6;19;350;24;12.84;2.4;3.2;1311
2.3;16/09/2017;13.6;10.1;8.1;1.5;1015.2;6.4;13;0;17;12.74;1.4;1.8;693
8.2;17/09/2017;15.1;7.4;3.7;0.1;1015.4;6.4;11;110;16;12.753;1.9;2.8;1789
8.9;18/09/2017;14.8;7.2;2.8;0.2;1019.2;5.4;11;230;13;13.142;1.6;2.4;1617
0.9;19/09/2017;14.4;12.4;9.4;2.3;1015.7;11;17;170;22;13.842;0.8;1.1;334
1.2;20/09/2017;14.4;11.3;13.4;20.6;1009.7;8.4;19;180;24;14.44;0.8;1.1;338
7.8;21/09/2017;15;9.5;2.4;0.1;1010.9;9.4;19;180;25;13.175;1.7;2.6;1609
7.6;22/09/2017;15.8;13;10.2;5.2;1009.1;15;35;190;43;14.755;1.6;2.6;1435
0.7;23/09/2017;15.2;13.7;10.7;4.9;1008;19.2;30;160;40;14.47;0.8;1.4;418
4.4;24/09/2017;16;10.4;10;0.2;1013.2;5.9;12;190;13;14.557;1.3;1.8;1171
6.4;25/09/2017;15.1;8.1;5.2;0.3;1018.2;7.4;16;160;20;13.625;1;1.5;897
1.2;26/09/2017;16.2;14;12.6;8.6;1012.6;16.7;25;140;37;14.95;1.2;2;900
1.8;27/09/2017;15.5;11.9;14;17.3;1007.9;11.3;26;140;36;14.68;0.8;1.3;617
1;28/09/2017;14.6;11.8;5.9;8.9;1008.1;15.8;30;160;38;13.27;0.7;1.1;368
6.1;29/09/2017;14.6;10.8;10.2;1;1008.4;17.9;29;230;40;12.802;1.8;2.8;1281
2.8;30/09/2017;13.9;11;9.1;7.2;1008.3;6.7;15;230;22;13.253;0.9;1.2;514
4.1;01/10/2017;15.6;12.8;12.3;3.3;1005.6;20;25;250;35;14.292;1.1;1.8;676
2.4;02/10/2017;14.1;10.4;10.5;0.9;1016.1;14.9;25;270;32;12.45;1.6;2.1;555
5.6;03/10/2017;14.4;9.9;3.6;0;1024.3;8.4;16;270;19;11.423;1.7;2.2;989
0.8;04/10/2017;14;12.6;9.4;0.5;1020.5;19;26;240;32;12.505;1.3;1.9;496
8.8;05/10/2017;15.7;8.2;10.3;1;1021.4;9.4;24;250;32;13.975;1.1;1.8;1347
1.2;06/10/2017;14.6;6.9;3.8;2;1024;8;19;230;24;12.432;0.7;1;515
1.9;07/10/2017;14.2;12.5;12.6;4;1019.1;10.2;19;240;22;13.94;0.7;1.1;471
2.5;08/10/2017;14.2;9.9;9.9;0;1018.8;3.7;10;130;12;13.622;0.9;1.2;761
0.3;09/10/2017;14.6;8.3;3.8;0.5;1015.7;9.6;19;220;23;12.738;0.6;0.9;402
2.8;10/10/2017;15.4;12.2;10.6;1.4;1008.4;15.2;25;210;34;14.093;1;1.5;796
5.8;11/10/2017;14.7;11.8;13.4;4.9;1006.8;17;24;220;36;13.778;1.1;1.8;1054
1.1;12/10/2017;15;11.2;8.3;2.3;1011.7;14.6;25;200;31;12.955;0.7;1.1;435
0;13/10/2017;15.4;14.3;14.1;4.8;1011.7;19.5;23;200;33;14.655;0.3;0.6;193
0.3;14/10/2017;15.4;13.8;14;0.3;1013.4;15.9;24;160;32;14.595;0.6;0.9;226
0.7;15/10/2017;15.4;13.2;13.6;2.1;1007.1;11.4;23;170;29;14.882;0.7;1;423
0.4;16/10/2017;17.4;10.7;11;2.5;991.1;33;57;190;74;13.382;1.4;2.3;347
6.6;17/10/2017;15.1;9;4.2;0;1012.8;7.3;24;260;29;11.923;1.1;1.5;1100
0.3;18/10/2017;13.6;9.2;7.6;;;13.8;22;160;28;11.981;0.4;0.7;228
0.4;19/10/2017;13.2;10.4;11.7;41.1;;16.3;26;300;34;11.965;1;1.4;235
0.4;20/10/2017;13.7;8.1;5.1;13.9;992.1;20;38;180;48;10.315;0.9;1.4;231
1.6;21/10/2017;12.8;10.2;9.9;6.7;996.7;31.9;45;260;61;10.932;1.6;2.6;495
1;22/10/2017;13.1;10;8.3;6.4;1012.9;16.9;23;180;38;10.892;0.9;1.3;365
1.3;23/10/2017;14.3;11.9;10.7;1;1010.2;10.8;20;170;26;13.087;0.5;0.8;382
0.7;24/10/2017;14.8;11.2;11.2;7.6;1009.8;14;26;220;33;13.373;0.4;0.7;212
1.4;25/10/2017;13.8;10.9;10.3;1.1;1015.5;8.8;16;220;19;12.6;0.6;0.9;507
1.7;26/10/2017;13.9;10.6;10.6;2.3;1022.5;4.1;13;70;18;13.222;0.4;0.6;245
0.4;27/10/2017;13.1;9.8;7.9;0;1031.2;5.2;10;120;13;12.55;0.4;0.6;280
0;28/10/2017;13.2;11.4;11;1;1029.4;7.4;15;260;18;12.785;0.4;0.6;114
5.9;29/10/2017;16.3;11.4;10.9;0.2;1026.9;9;18;290;24;12.945;0.9;1.2;815
0.4;30/10/2017;13;10.5;9;0;1026.7;5.5;10;220;13;12.365;0.6;0.8;232
1;31/10/2017;13;12;11.4;0;1020.6;8.7;14;160;17;12.45;0.7;0.9;248
1.7;01/11/2017;14.3;7.8;10.6;0;1015;6.3;16;160;20;12.155;0.6;0.8;658
0.7;02/11/2017;13.7;6.6;3.6;0.2;1014.3;3.3;7;100;10;10.565;0.5;0.6;338
0.2;03/11/2017;11.3;8;6.2;0.1;1009.6;4.6;14;280;18;10.645;0.4;0.6;128
5.4;04/11/2017;10.9;7.5;7.3;1.2;1009.4;15.3;27;280;42;8.845;1.1;1.4;632
4.8;05/11/2017;11.3;6.9;2.2;0.5;1018.4;9.7;22;290;30;8.079;1;1.2;719
0.3;06/11/2017;13;9.7;5;5.9;1014.4;19.1;31;190;38;10.82;0.7;1;291
6.7;07/11/2017;9.9;6.8;5.5;3.3;1014.8;10.8;22;280;28;8.548;0.7;0.9;613
1.1;08/11/2017;12.5;5.6;3.3;0.1;1023;7.8;18;270;23;8.55;0.5;0.7;242
5;09/11/2017;13.3;11.3;7.9;0.3;1024.7;18;24;270;31;11.485;0.7;1;649
1.6;10/11/2017;12.6;11.1;9.6;1.7;1021;18.2;27;260;39;11.495;0.8;1.1;362
0.6;11/11/2017;12.9;10.3;11.6;8.9;1013.4;22.9;30;250;40;12.398;0.1;0.3;228
6.4;12/11/2017;10.6;6;4.1;0.1;1019.9;9.3;19;30;27;8.567;0.6;0.7;525
2;13/11/2017;11.6;2.4;-0.9;0;1025;9.2;17;220;22;7.454;0.4;0.6;321
1.5;14/11/2017;12.2;10.8;6.4;0.7;1020.7;9.2;17;230;22;11.512;0.3;0.4;372
1;15/11/2017;13.1;9.9;7.6;0.8;1019.4;7.1;16;190;18;11.162;0.4;0.5;360
5.4;16/11/2017;12.1;4.4;7.6;0.5;1022.9;8.7;18;240;24;9.652;0.3;0.4;519
1.8;17/11/2017;11.4;3.1;0;0.1;1026.7;6.5;16;220;21;7.476;0.4;0.5;363
0.3;18/11/2017;12.6;11.4;4.5;0.9;1022.8;11.8;17;240;21;11.047;2;2.2;167
0.1;19/11/2017;12.4;9.9;5.7;2.6;1017.7;11.9;22;210;30;10.915;3.4;3.7;99
0;20/11/2017;13.1;11.8;11.3;4.3;1011.7;16.3;23;220;30;12.288;2.1;2.5;124
0;21/11/2017;13.4;11.6;10.8;8.2;1002.1;12.6;23;200;28;12.355;2;2.3;118
0.2;22/11/2017;13.5;6.7;11.7;7.3;986.9;16.1;33;190;40;11.653;3.4;3.9;127
2.8;23/11/2017;11;4.4;4.9;0.9;995.4;13.5;36;250;49;8.026;2.9;3.3;368
2.7;24/11/2017;8.8;1.9;-1.4;1.2;1011.2;8;23;300;35;5.268;1.8;2.1;396
5.6;25/11/2017;7.7;2.9;-0.7;0.2;1021.8;10.3;18;310;26;4.739;1.8;2;475
1.2;26/11/2017;11.9;6.9;3.6;0.2;1022.7;17.1;31;240;38;7.43;3.5;4.1;359
1.1;27/11/2017;11.7;6.5;8.1;1.7;1016.3;17.2;30;240;40;8.717;3.8;4.4;263
5.2;28/11/2017;8.4;5;0.8;0;1016.2;9.7;17;0;25;5.78;1.4;1.5;501
3.2;29/11/2017;7.3;3.8;0.9;0;1019.4;11;22;340;28;4.491;0.8;0.9;388
1.7;30/11/2017;9;5;1.5;0;1022.3;7.8;14;10;20;5.715;0.5;0.6;452
5;01/12/2017;7.1;2.7;1.1;0;1027.8;7.2;14;350;17;4.547;0.5;0.6;435
1.1;02/12/2017;9.8;1.5;-2.7;0.1;1030.1;4;11;300;14;4.542;0.1;0.2;405
2;03/12/2017;10.8;6;0;0;1031.6;6.2;10;280;13;7.375;0.4;0.5;304
1.3;04/12/2017;10;5.7;0.2;0.1;1034.5;3.1;11;210;14;7.556;0.3;0.4;236
0.5;05/12/2017;11.4;7.8;3.4;0.2;1029.8;12.4;20;200;25;8.596;0.7;0.8;307
0;06/12/2017;12.9;10.9;8.6;8.8;1012.7;22.3;30;200;37;10.61;0.7;1.1;49
2.6;07/12/2017;12.6;5.4;4.8;1.9;1010;16.1;27;340;36;8.123;0.8;1;341
3.1;08/12/2017;7.5;3.4;2.4;0.1;1023.3;10.8;20;310;31;4.819;0.9;1;350
0.1;09/12/2017;9.1;2;0.4;23.3;1005.5;10;21;110;29;5.254;0.5;0.6;69
0.5;10/12/2017;9.7;1.4;4.2;8.5;981.1;23.3;38;270;50;6.381;0.8;1.2;238
4.3;11/12/2017;7.9;1.3;-0.4;0.2;994.6;12.7;24;340;32;3.645;0.9;1;417
0.1;12/12/2017;10.3;6.2;0.9;4.7;1002;13.6;29;190;36;6.03;0.8;1;132
1.8;13/12/2017;9.8;4.7;6;8.4;998.1;24.4;39;250;56;6.877;0.9;1.2;245
0.5;14/12/2017;8.9;4.7;2.3;6;994.1;23.9;39;280;54;5.282;1.3;1.8;202
5.1;15/12/2017;8.7;4.4;2.4;0.5;1008.6;10.4;25;320;40;5.07;0.6;0.7;387
1.3;16/12/2017;10.7;4;-0.9;0;1021;8.2;15;260;22;5.626;0.4;0.4;351
0;17/12/2017;11.1;7.9;6.3;1.8;1020.3;11;20;220;26;9.245;0.2;0.3;149
0.5;18/12/2017;10.8;6.7;3.2;2;1026.3;4.2;8;110;11;8.519;0.2;0.3;145
0.4;19/12/2017;11.4;10.1;7.5;2.5;1029.8;9.6;15;200;18;10.417;0.2;0.3;173
0;20/12/2017;12;10.9;10.2;3.1;1031.4;12.3;17;220;22;11.038;0.4;0.5;87
0;21/12/2017;12;10.8;10.6;3.3;1031.9;14.2;23;220;33;10.903;0.4;0.6;132
3.2;22/12/2017;12.2;8.7;9.4;0.2;1033.2;8.3;19;270;24;10.175;0.1;0.1;354
0.1;23/12/2017;11.5;8.9;5.4;0.7;1030.9;11;19;230;25;10.132;0.3;0.4;135
0.6;24/12/2017;12;10.6;9.8;1.7;1016;18.7;28;200;35;10.628;0.5;0.6;272
0.1;25/12/2017;11.3;5.3;5.4;7;1001.8;14.4;31;200;38;8.167;0.8;1;91
0.1;26/12/2017;7.6;3.2;3;10.9;988.7;19;30;20;40;5.547;0.9;1.3;117
4.9;27/12/2017;6.2;2.6;1.6;0.9;999.4;10;21;320;32;4.045;0.5;0.5;389
0.5;28/12/2017;9.6;1.7;-0.1;15.5;998.8;7.7;26;190;36;4.756;0.5;0.6;122
1.3;29/12/2017;12.7;5.3;2.8;22.3;989.8;22.7;37;270;63;7.067;0.8;1.1;230
0.1;30/12/2017;12.6;8.6;5.2;6.5;990;22;32;250;48;9.36;1.2;1.6;102
0.2;31/12/2017;11.6;6.2;7;6.3;990;23.4;35;240;45;7.44;1.2;1.7;118
